CustomerID,CustomerName,CustomerEmail,CustomerPhone,CustomerAddress,CustomerCity,CustomerState,CustomerZip,CustomerCountry,CustomerDOB,CustomerGender,CustomerCreatedDate
8dc31b60-08c6-4c46-8df6-b0c0f255f476,Eric Robinson,stephanie18@ramsey.com,(852)894-3633x908,"912 Kimberly Court, Tammymouth, NH 49479",Jessicastad,Connecticut,21189,Burkina Faso,1962-03-15,Female,2020-08-19
2e1f3b98-5f6a-44fd-8e06-baad4bd8abdb,Eric Smith,johnsonstacey@gmail.com,+1-007-252-8341x3020,"267 Diane Cape Suite 943, West Graceside, VA 71292",Johnsontown,New Hampshire,81926,Guinea-Bissau,1967-04-08,Male,2020-12-05
2dc57735-972a-4229-8477-737f2a56f5f2,Alan Villa,cburns@arnold.com,(192)039-5488x33054,"0214 Julie Trafficway Apt. 766, East Kennethstad, NC 98225",Casefurt,Arizona,24713,Libyan Arab Jamahiriya,1962-02-19,Female,2022-12-19
d035288f-6f70-4211-b2df-2a85d1a3320f,Eric Taylor,richard85@gmail.com,253-746-4218x2012,"627 Thomas Plains Apt. 570, Mercerview, LA 94532",North Kevinview,North Carolina,63154,Maldives,1957-02-08,Male,2023-11-23
114fff7e-8a75-44a2-ad3e-658f9d20dbda,Stephanie Morris,marcjackson@yahoo.com,655.140.8192,"2217 Steve Prairie, Christopherchester, MI 24520",East Clayton,Georgia,04958,Western Sahara,1984-09-26,Female,2021-10-21
9112631b-cb6f-4c36-881a-0af73f240002,Kenneth Johnson,jessica29@anderson.biz,(981)776-1732,"8490 Troy Via, Danamouth, PA 15306",North Timothy,Arizona,16422,Angola,1963-04-13,Female,2022-01-04
ec3ed05a-907a-400c-a34a-a353788ac6ec,David Berry,ichapman@hardy.net,523.367.0280,"USS Boyd, FPO AP 63950",North Richard,Montana,26466,Sudan,1949-10-28,Female,2022-12-05
a827477f-068f-4a9f-b252-307bfc51fdfa,Jason Baker,seanwilliams@gmail.com,(700)428-9427x505,"80859 Robert Forks Suite 568, Gibsonfurt, WY 35952",Port Mariaside,Missouri,48187,Nepal,1988-05-27,Female,2024-02-27
9b03c19b-5d16-43d4-ba83-fb26704417bd,Charles Martinez,zsmith@jordan.com,105-102-6828x75675,"790 Michael Freeway Apt. 745, Sarahview, MA 28547",North Christineburgh,Idaho,19470,Mali,1979-08-31,Male,2024-05-17
6f708050-3bb8-48bc-b1f2-d86233b669ee,Michael Mason,joshuabrown@yahoo.com,849.930.6081x2634,"39689 Hall Canyon Apt. 507, Lake Rachelview, WI 86511",Lake Feliciamouth,Delaware,90936,Luxembourg,2001-02-18,Female,2022-08-05
f941379b-f3e8-48ad-8721-e99ca8d02f7f,Hayley Bowen,angela78@gonzalez-wood.com,(582)471-3182,"7274 Lewis Bridge Apt. 571, Port Robertfort, NC 77995",Sophiaville,Tennessee,14556,United Kingdom,1991-12-12,Male,2021-03-04
becd8c59-95a0-4533-bc21-a67ed6b8ff90,Crystal Chambers,craigjones@yahoo.com,(866)543-0038x95900,"20844 Nicholson Groves, Reynoldsstad, NH 99629",South Michael,Arkansas,44298,Namibia,1952-12-03,Female,2024-01-08
c359c129-0750-4601-8dde-d5c64b224384,Tammy James,samantha22@yahoo.com,(085)797-0467x486,"71443 Lisa Orchard Suite 467, New Misty, MN 96242",Saraborough,Indiana,05838,Slovenia,1963-04-13,Male,2023-12-28
d45e37e4-ee5a-4450-8172-fb40178188d9,Charles Thomas,imiller@houston-martin.com,948.197.8679x7411,"28326 Marks Plaza Apt. 283, Carolynton, DE 53088",Loganhaven,Wisconsin,04988,Australia,1949-01-24,Female,2022-10-07
aa1e99ec-830b-4d9d-b38a-39c8a9f60b93,Clifford Mills,laurakennedy@thompson.net,850.175.6045x0090,"PSC 0528, Box 9079, APO AP 06456",Kentville,Vermont,11034,Cayman Islands,1996-06-23,Female,2023-10-29
e24af88a-7f1c-49f4-985f-f7bedf4c5ea5,Michele Cruz,nicole68@gmail.com,797-134-4500,"045 Lopez Gardens, Rhondamouth, CT 71881",Erinfort,North Dakota,28505,Mayotte,1984-05-08,Male,2021-01-29
69c4a08d-7e67-4778-9542-90b2bc62e0de,Margaret Cole,rwheeler@chen.com,164-026-3191x5217,"0389 Howard Streets Suite 845, Anneborough, OR 19351",Annahaven,Connecticut,10479,Australia,1955-11-10,Female,2022-10-25
25a1751c-88c8-46e8-8b2f-655086c7acd5,Amanda Lawson,brittneypennington@hoffman.net,(703)123-5715x822,"46014 Rachel Ways Apt. 282, Riverahaven, KY 66300",Lake Elizabethchester,West Virginia,70125,Slovakia (Slovak Republic),1947-05-02,Male,2024-01-27
af2515f7-fa15-4b2e-bb15-e20c181aaadb,Courtney Bentley,triciaharvey@yahoo.com,125.098.4197x42718,"012 Oneal Meadow, Jenniferland, KS 11621",North Kimberly,California,90825,Burkina Faso,1957-05-29,Male,2021-03-14
5350d06f-6fe4-410a-b01b-d05e9c03e311,Gina Durham,dbennett@gmail.com,409-272-6620x974,"6066 Mccall Ferry Apt. 325, New Lisabury, AK 12752",Loganberg,Nevada,38698,Sao Tome and Principe,1944-11-27,Female,2022-05-08
c0617087-a317-4270-b1da-02a408cd8574,Michelle Wagner,kimberlylewis@valdez.net,+1-875-206-7807x939,"43726 Davis Plains Apt. 412, New Melissaborough, VA 54663",Jonesside,Connecticut,93419,Austria,1954-01-07,Female,2022-10-04
57898399-8857-42b8-ae61-1b33d53d2d81,Cindy Cook,amurray@hotmail.com,+1-323-037-9383x5206,"7166 Thomas Walks, Rebeccatown, IA 98621",Moniquemouth,South Carolina,35796,Israel,1967-01-31,Female,2022-08-31
120010cb-6275-4138-89f1-3426f0faa588,David Smith,nicholasgarcia@gmail.com,145.728.8563,"1988 Chapman Springs Apt. 050, Gillshire, KY 04389",Elizabethberg,Arizona,50647,Croatia,1980-02-21,Male,2024-01-06
686d2443-f3e4-48f4-a443-829e9037015a,Megan Hall,harrispaul@frank.com,614.547.8902,"79071 Jesus Mews Apt. 033, South Mark, AL 35791",Randyside,Florida,71526,Uruguay,1975-03-24,Male,2023-01-31
22b48efa-851e-4268-9023-6d4783d7302d,David Luna,castillocasey@black-fritz.com,610.285.8355x21859,"606 Brandon Squares, Maryton, ND 65910",Steeleberg,Montana,65623,Honduras,1969-04-26,Male,2022-03-31
c7d4175f-1fd7-4652-9976-b3e3e033550a,Frank Jarvis,heatherwilson@freeman.com,097-151-8717x57671,"4113 Andrea Lakes, Johnsonmouth, NC 83614",Morahaven,Vermont,61518,Namibia,1972-05-27,Female,2023-02-25
ad9bf624-078f-4d5d-b5ae-35c1cda98a67,William Horton,antonio76@gmail.com,396-209-0174,"4593 Howard Throughway Suite 260, Port Dawnborough, CA 40089",Robertbury,West Virginia,46604,United States Minor Outlying Islands,1972-12-13,Male,2023-05-11
2386d1e9-43dd-425b-bdec-10a02d64ed76,Taylor Barton,umiller@lewis.net,8736612822,"9212 White Wall Suite 538, Kevinton, NV 23478",Robertmouth,Massachusetts,06439,Slovakia (Slovak Republic),2000-10-19,Female,2021-07-20
09eea2ec-63bc-48ea-9df8-e214eea77c8b,Katherine Wheeler,melindasmith@mendez-page.net,1786155127,"88640 Stephanie Ville Apt. 966, Jordanland, IL 24158",New Scott,Washington,07611,Svalbard & Jan Mayen Islands,1999-03-31,Male,2024-06-11
f0aece05-c7c4-4d92-84a6-cf9167515f6f,Richard Schroeder,bryantsierra@gmail.com,(598)471-7297x453,"985 Patterson Isle, Shawnbury, PA 82122",South Andrew,New York,22802,Nicaragua,1993-09-29,Male,2020-01-05
f467da8a-b087-41f1-8659-b70749ad42ab,Emily Norris,aferguson@martinez.net,3777708864,"8405 Justin Cliffs Apt. 087, Grayfort, AZ 32905",Porterchester,Maine,43954,Mongolia,2005-03-26,Male,2024-06-17
fec990fe-76e2-434b-b194-9c1be2600f22,Richard Kelly,oliviaallen@gmail.com,+1-128-341-3099x92760,"52080 Davis Hill, Chavezchester, IN 59965",Smithview,California,05821,India,2004-04-16,Female,2020-06-04
8d509613-56f5-4bed-bf73-a98b016160af,Kyle Moore,velezsusan@gmail.com,001-918-215-7780x0182,"48950 Paul Station, New Katherine, GA 83336",Leefurt,Vermont,80154,Zimbabwe,1987-08-27,Female,2023-10-25
081ce6d5-5086-43b4-a48b-6a2a8cabbb6f,Richard Michael,roger38@powell-hanson.com,+1-383-801-0363x0633,"59771 Tammy Station Apt. 291, Michelletown, MI 09443",Barrettside,Alabama,98249,Norfolk Island,1956-12-24,Female,2023-04-30
a0c71a09-9927-4efa-884d-5eee65f14978,Brian Greene,allison72@hotmail.com,745.539.1960x460,"5588 Heather Trace, Youngview, WV 60329",Lake Emily,Washington,15756,Kiribati,1958-04-15,Female,2021-02-10
32bff7d9-429c-4dfe-845b-d5506952c942,Christopher Walters,johnsonjessica@hayes-parrish.com,820.334.2923x70422,"32352 Joanne Oval, New Charlesburgh, IL 10513",Garymouth,Texas,43999,Slovakia (Slovak Republic),1991-02-04,Male,2023-05-28
57418e09-8614-48a3-aac1-bc006af8ed3b,Teresa Smith,stacey14@yahoo.com,+1-890-760-0989,"02168 York Radial, Cassandraville, KS 02493",West Melissaborough,Illinois,05666,Mexico,1947-01-26,Male,2021-07-20
8d9ddb41-60a3-492a-8046-8b70942449e1,Sandra Fernandez,nelsonjustin@gmail.com,465-081-0299x709,"497 William Valleys, North Stephen, PA 78671",West Karenville,Colorado,49106,Sri Lanka,1998-09-07,Male,2023-10-09
801003d0-a26d-41ce-84e8-9930bc81145b,Manuel Neal,zachary17@yahoo.com,2029600183,"53881 David Tunnel, Port Sheila, AZ 49829",Port Ernest,Alaska,71405,Jamaica,1995-08-28,Female,2024-05-15
927b7f85-6114-4329-8a6d-990ee123ccad,James Landry,sandra02@gmail.com,(337)087-9098x434,"301 Catherine Bypass, Joyceland, WI 33458",North Andreview,Michigan,15836,Cyprus,1979-08-28,Male,2021-01-01
18132b43-37fb-4235-adda-af215861cb22,Kenneth Thompson,whitelisa@gmail.com,001-366-425-5719x87511,"4363 Fleming Bypass, Jenniferstad, CO 79766",East Cathy,Maine,56122,Croatia,1961-10-25,Female,2020-04-19
286ec9aa-931a-4690-abc4-6aef4124b3d5,Andrea Hogan,swalter@simmons.com,458.886.4590,"291 Ruben Via, Christinaville, AZ 23516",Angelicamouth,Montana,92639,Sweden,1960-08-30,Male,2023-09-01
d7e1453d-4986-45be-9caa-02daaab5ea4a,Kelly Orozco,odominguez@hotmail.com,600-272-9649x31393,"0472 Richard Meadows, Lake Amanda, DC 02273",Andrewfort,Utah,46836,Guinea-Bissau,1984-02-21,Male,2021-05-08
73a54f90-2487-48c8-9070-e1fb4c8a50ed,Ashley Jones,phillip37@erickson.com,473-224-5097x66743,"5564 Ryan Mill Apt. 264, South Lindsey, HI 45604",East Crystalborough,Louisiana,31367,Saint Lucia,1955-10-15,Female,2022-10-11
d8051b78-1860-474b-b588-4a071a5c4056,Lindsay Taylor,laurencannon@davis.com,2223292645,"4888 Justin Drive Suite 402, South Jacob, IA 09256",Lake Dylan,Minnesota,49785,Guernsey,1978-10-29,Female,2024-01-08
df75394f-6f4c-4396-8ea7-f1455ab9e379,Ryan Jones,gjacobs@hotmail.com,(368)767-3647x208,"951 Jennifer Circles, Lake Erica, DC 40531",Ramirezchester,Colorado,25253,Malaysia,1972-04-04,Female,2024-05-12
4f8a3182-c457-42b8-b666-8b4b491dad01,Mr. Aaron Edwards II,wdennis@hicks.com,810.382.6733x009,"651 Tracey Mill, Danielleburgh, NY 79989",Jeanettefurt,Oregon,62731,Guyana,1971-11-16,Male,2020-01-20
46a3997f-e283-48ec-aed2-e4587d01894b,Joshua Horton,tylerjohnston@levy-anderson.info,0497565823,"4404 Yang Knoll Suite 411, Derrickmouth, OH 27673",East Sean,Wisconsin,57136,Ukraine,1954-04-06,Female,2021-09-14
2e6f8cca-e101-4e2a-9b02-64b41f40870f,Nicolas Marsh,xdaniels@hotmail.com,(171)523-8925x164,"28947 Alvarez Branch Apt. 524, Fieldsmouth, AZ 48908",East Arianaland,Arkansas,28027,Tanzania,1960-05-05,Male,2021-12-05
fcb2e1af-9eac-4001-9c20-6e3b0a39670c,Julie Hernandez,ljones@gmail.com,593-540-6873,"288 Kim Terrace Suite 732, East Laurenport, TN 42195",New Michelefort,Wisconsin,91270,British Virgin Islands,1978-11-02,Male,2023-09-09
743ad069-2c3d-4d13-9639-4ca3ae378b4c,Jerome Anderson,twyatt@hunt.org,(982)929-4715,"94329 Dakota Road, North Courtney, ME 81364",Maymouth,Oregon,53015,Uganda,1958-01-10,Male,2022-01-14
48b4bbdd-d55b-45ba-b220-3f09e77702a8,Zachary Baxter Jr.,lesliemcdonald@hotmail.com,451-605-1950,"29860 Garcia Lake Apt. 608, Alexandrahaven, AZ 23117",Rebeccamouth,Florida,72756,Fiji,1961-08-29,Female,2020-11-04
45ceebff-6a2a-4040-a696-950a8b0b8247,Eric Myers,jameswilliams@hotmail.com,580.362.4093x28168,"562 Samantha Drive Suite 853, Christineport, ME 75123",Ebonymouth,Montana,56486,Haiti,1947-02-22,Male,2023-09-22
f886d182-166c-4bb8-9779-ccfb1225aaa5,Wendy Figueroa,kathleen16@hotmail.com,(839)365-5576x8186,"73179 Hendricks Avenue, North Christinaberg, NY 56347",Stephaniebury,Rhode Island,15209,Romania,1997-10-28,Male,2024-05-29
9c730591-6d6d-4539-b3ba-950430a15e5c,John Robinson,robert24@fitzpatrick.net,+1-155-592-2221,"98119 Lindsey Mount, Rhondahaven, MS 65109",Shelleystad,Georgia,92941,Venezuela,1959-07-31,Male,2021-04-22
c9603d26-1d95-45e0-acaa-6107e3059388,Ryan Miller,thomasbridges@yahoo.com,(080)520-7082x43379,"979 Miguel Points, Port Rickymouth, RI 37758",Davidland,Maine,23441,Costa Rica,1946-06-02,Male,2021-05-22
bde7fb61-726a-4694-ac64-88edcb53d8e0,Melissa Williams,rhondapage@richards.net,3699780265,"310 Karen Unions, North Gregoryton, IA 06345",North Ianport,Florida,66949,Syrian Arab Republic,1961-11-03,Female,2020-01-03
41ba3038-0e42-4ea1-a6be-8a2f84d6f421,Jennifer Keller,melissaberger@buchanan-braun.com,(070)769-0401x59691,"550 David Tunnel, West Andreabury, CT 19638",Justinport,Arkansas,93294,Czech Republic,1968-10-05,Female,2024-06-11
fcfc7582-a746-4b17-aee4-fbf879d76223,Daniel Williams DDS,dsullivan@carlson-mitchell.com,(606)805-7255x02015,"387 Collins Overpass, Erinberg, CO 79511",Port Jonathanville,Arizona,31553,Kazakhstan,1964-12-26,Female,2022-05-06
823a90fa-f900-4df2-9e54-e22cd57caf43,Charles Freeman,leesusan@hotmail.com,001-443-106-0823x63336,"9275 Jessica Mountain, East Lisaside, WV 26056",Jasonfort,Montana,48370,Tokelau,2000-06-24,Female,2022-05-01
bbd6182d-2d42-4ea6-9ea7-92f549ddecf9,Kimberly King MD,lawrencejohns@hotmail.com,159.442.1371x4534,"5213 Kelly Trail, West Paulland, MI 72113",Travisville,North Dakota,22915,Saint Lucia,1977-07-10,Male,2023-07-21
12578475-6261-4195-a2ee-30388a23e372,Dave Kramer,xmccormick@bean.info,439-502-7121x0032,"180 Randolph Rapids Suite 354, Mariastad, IL 37917",Port Pamela,Montana,21880,Cuba,1985-08-16,Female,2021-03-17
32359c6b-b198-42bb-89db-721e35091df6,Amanda Smith,bdelacruz@blair.info,400.892.4264,"2956 Chapman Spring, New Erica, SD 64024",Lake Andres,Connecticut,39655,Ghana,1984-04-08,Female,2020-02-16
e2ecafec-6732-4fb5-8185-72a15c107c5f,Brandy Ortiz,jeffrey64@gmail.com,268.696.5430x57986,"PSC 9663, Box 2830, APO AE 89872",East Lisa,South Dakota,35027,New Caledonia,1956-04-26,Male,2024-02-26
c844c592-44c6-4b83-990a-ae644539b6f6,Gregory Perez,dgibson@king.info,001-532-103-6421x788,"79994 Oliver Springs, Harmonmouth, NE 98722",Phillipschester,Michigan,79266,El Salvador,1984-08-02,Male,2023-07-22
72fe1209-ed45-4333-9531-994431667776,Adam Golden,llawrence@bowers.com,001-831-408-3718,"8145 Santos Center Apt. 160, South Cynthiaborough, NV 97250",North Jacksonton,Massachusetts,35683,Australia,1944-05-15,Female,2024-05-03
2442db57-3be4-4800-9363-4a9d88ec1a6e,Brendan Johnson,clarksamuel@hotmail.com,+1-426-510-1587x26991,"99622 Dennis Common, Atkinsmouth, SC 45963",Priceborough,Vermont,65874,Ireland,1975-05-19,Male,2021-07-15
f02e95ae-bdbc-4d13-b748-f53fc0a4e0b3,Robert Garcia,cbennett@jackson-richardson.com,+1-182-711-4183,"14848 Kristen Oval Suite 223, Lake Tylerfurt, MI 84139",Amandaberg,Missouri,30818,Djibouti,1976-07-17,Female,2022-03-26
3c0ac505-dd6f-4be2-b353-a0b4c43bf5c1,Jessica Pearson,courtneysalazar@hotmail.com,851-085-7265x316,"1787 Christopher Curve Suite 712, North Emily, NH 93965",Kristaborough,Idaho,87180,Sudan,1961-07-15,Male,2024-01-27
3cd5a19d-873a-4e14-bdf8-57e121701064,Michael Wheeler,christianannette@gmail.com,(506)425-3117x6462,"66882 Reyes Ports, Lake Kenneth, NC 10293",East Robertstad,Washington,96637,Fiji,1961-10-04,Female,2021-04-19
27a0c97e-f293-4139-8b2f-0b3ca45c537e,Mark Colon,campbellalexis@yahoo.com,819-377-0075x9391,"5098 Robert Extension Apt. 949, East Robertville, ME 72730",Port Amandachester,Minnesota,66889,Ireland,2002-04-13,Male,2024-02-20
b7273365-5ef6-4079-9849-eb871d4a16be,Jeffrey Walker,moorejennifer@vargas.com,412.054.3331,"38532 Jennifer Tunnel Apt. 548, Cynthiaview, ID 24360",New Amber,Montana,19547,South Georgia and the South Sandwich Islands,1951-08-30,Female,2021-07-22
ccb52211-2bb9-4419-b783-73c5f37ea3b4,Victoria Kim,kathy39@gmail.com,+1-265-930-9782,"Unit 8527 Box 6162, DPO AP 82018",Warrenchester,Idaho,31518,Nigeria,1964-10-25,Male,2023-01-12
09604c20-b8c5-4570-b0ac-d2142471f6a5,Bradley Robinson,sabrinahall@cruz-shannon.com,135.916.7774,"79071 Collins Route Apt. 781, Port Charles, KY 46172",Timothyhaven,Connecticut,48521,Andorra,1973-09-17,Female,2021-02-08
21e5c1c7-1641-48e5-b96d-818952483f78,Rickey Farley,dpage@hotmail.com,(784)954-9440x954,"20288 Harrison Highway, South Justinton, SD 38163",Nicolebury,Maryland,79925,Barbados,1943-11-11,Female,2022-06-16
28a9fcdd-0d2a-462c-9c8b-acad4149fd32,Michael Bush,cathy42@kent.com,088.034.9205x99229,"PSC 8028, Box 6831, APO AE 88341",Port Cassandraburgh,Kentucky,05944,Fiji,1960-07-18,Female,2020-06-10
8873b125-75d6-43a5-9610-93dfb7de9976,Kathleen Mullins,danahorton@hunt.net,001-963-732-0481x5861,"087 Myers Trail Suite 653, North Carol, NJ 61785",West Amy,Wyoming,13072,Croatia,1966-07-16,Female,2024-05-11
e6e8f081-801e-4f9d-8954-6b0e86b950de,Chris Brown,evanjenkins@gmail.com,120-311-6971,"049 Vaughn Wells, Michaelton, AZ 81453",East Dianaport,Alabama,22062,Argentina,1956-12-26,Male,2022-11-29
61c4c1db-eedf-4a1c-b4fe-c3114bbd8821,Cathy Sloan,heatherballard@young.com,085-913-0152x63801,"9427 George Summit Suite 891, Taylorview, UT 04661",East Jonathan,Ohio,54402,Mali,1975-12-29,Female,2022-07-06
9c5f4b3c-4da9-49c2-b146-74da14d31cba,Steven Hunt,gchen@peters.com,(764)795-4570x17471,"531 Duke Mountain, Gregorybury, WA 53462",West Brenda,Wisconsin,95905,Palau,1969-05-29,Male,2023-11-09
e5df946b-cb81-49fc-83a1-cecc610cb0d1,Curtis Brady,ryanmiller@gmail.com,+1-434-993-7857x8702,"87270 Schwartz Hill, Kendraland, MA 10179",Deannaton,Oklahoma,09168,Mozambique,2003-09-17,Male,2020-01-26
24f43cf0-c3ac-4d05-806f-62ee62f0ceb5,Kenneth Atkins,vicki63@hotmail.com,1583519110,"3019 John Courts, Brettberg, FL 22868",Port Sean,Minnesota,05617,United States Minor Outlying Islands,2005-01-16,Male,2020-02-14
704510db-1baa-4ecb-8432-b19bace0f556,Denise Hobbs,scottarnold@yahoo.com,001-238-039-0496x17578,"612 Allen Loaf Suite 311, Priscillaside, MS 12262",Jennachester,Wyoming,73151,Singapore,1952-10-18,Female,2020-08-01
4cb86e45-94f0-42f2-a79b-ba86a366c15c,Tracy Lee,changpatricia@cardenas.net,5044032626,"35780 Collier Shores, New Natalie, HI 27194",West William,Nebraska,94700,British Indian Ocean Territory (Chagos Archipelago),1951-06-20,Female,2020-08-04
809d5fd1-d6f3-4b47-8fd8-66ed3627e8c9,Christopher Gomez,dwarren@hotmail.com,285-684-4237,"85987 Nathan Drive Apt. 383, Port Coryshire, HI 41173",Port Samuelmouth,South Carolina,10148,Cocos (Keeling) Islands,1984-05-13,Female,2024-02-06
2c7f97f4-6ac2-4a4d-b6d2-c77f58ce662e,Tammy Washington,michelle57@yahoo.com,478-038-6424x054,"2339 Kyle Turnpike, South Brandonport, MS 50378",East Davidborough,Minnesota,67031,Cocos (Keeling) Islands,1953-01-29,Female,2022-05-05
18549d78-82a7-4a09-89ac-ed7111112bb0,Brenda Rogers,georgeamanda@hotmail.com,207-210-8996,"755 Jason Square, Samanthatown, IN 96959",West Mariatown,Mississippi,22324,Guatemala,1951-07-01,Male,2023-02-03
6837f7b5-522e-4696-8df3-e501203ca037,Gregory Ali,ggill@ryan-hogan.com,105-706-7549,"5696 Vasquez Village, Andersonshire, NE 04021",New Justinfort,Arkansas,68460,Greenland,1959-06-07,Male,2021-07-20
6475eef7-1ba2-4c5b-b082-b395dd57f3c0,Thomas Mccullough,davislatasha@guzman-wilson.com,434-411-7926x95815,"136 Yoder Springs Suite 197, Miguelburgh, MN 02751",New Nathanville,Texas,26142,Congo,1952-05-20,Male,2020-07-16
4dc795db-a6e7-4f45-99b0-0a9481de701d,Michelle Davies,jrandolph@hotmail.com,100.567.6383x048,"810 Barbara Port, South Kevin, VA 89261",South Gregory,New Jersey,22796,Yemen,2005-06-09,Female,2023-08-24
16001a6d-7c3a-4df0-bfe7-e57fab0f2e96,Jennifer Hoffman,kimberly54@yahoo.com,+1-403-222-9530x4432,"2377 Long Greens Suite 284, Trevorchester, AL 19682",Lake Davidstad,Illinois,49064,Saint Lucia,2001-05-29,Male,2021-08-23
3a1eaecb-e9a1-43a6-9ab2-060e66a793a6,Rebecca Parker,tom32@villanueva.info,153.791.9465,"408 Taylor Lodge, South Kristinhaven, UT 53778",East Gail,Iowa,30405,Spain,1965-11-06,Male,2023-06-24
94d2f751-1eb6-4fb5-a0e9-b8bf0855de0b,Matthew Owens,hardyralph@williams-chambers.net,606.899.5635,"56580 Jennifer Ways Suite 880, Hansonborough, MN 62093",South Matthewfurt,Arizona,64317,Saint Helena,1968-06-07,Female,2022-06-21
e5d6bb8d-ac5a-425b-960a-b3e65f1678c0,Jonathan Richards,hunterkyle@gmail.com,(436)777-9795x49796,"Unit 7374 Box 5549, DPO AA 86581",Karenfurt,Kentucky,19424,Equatorial Guinea,1964-06-22,Female,2022-09-16
a1bd6c4c-2083-41f9-af3b-3db312a7fb12,Jordan Howard,hberg@yahoo.com,(475)155-6303,"321 Smith Mountain Apt. 545, Fischerbury, SD 32029",Salinasstad,Connecticut,25439,Lebanon,2005-09-09,Female,2021-01-28
dc313dd2-635a-4987-806f-fa43f8bdfaed,Rose Munoz,lindaknight@hotmail.com,416.286.0684x5839,"697 Ross Lane, Kirstenport, NC 09131",Elizabethview,Iowa,61567,New Zealand,1984-02-06,Male,2023-09-01
06e65abb-0fb0-4286-941b-fb676b067323,Wayne Ellis,juliajohnson@meyers.com,(082)455-3693x66844,"72605 Gentry Manor Apt. 794, South Rhondafort, ND 10098",West Carlosmouth,Massachusetts,74802,Afghanistan,1968-08-06,Female,2020-11-29
669e36cd-5825-4d24-a207-6734bd4621e9,Jason Jordan,josewilson@gmail.com,001-923-633-6760x83975,"08913 Holly Branch, Garciaborough, MD 74154",West Ryan,New Hampshire,65583,Spain,1991-08-14,Male,2021-12-06
fff26ebe-2a22-459a-bebd-27addaa42245,Billy Hunt,natashamontoya@moran.com,001-587-015-2881x14146,"0933 Huffman Plaza Apt. 858, Lauraton, NY 64083",Kathrynburgh,Washington,34546,Isle of Man,1981-10-22,Male,2021-01-14
abaafefd-9789-484a-bee8-c2b50e8e099e,Edward Mitchell,bennettbrittany@hotmail.com,304-567-8508,"1780 Bass Viaduct Suite 114, North Earl, VT 64422",New Benjaminport,Illinois,83076,Gabon,1943-08-04,Male,2023-12-27
11ab89c4-6eb6-40c5-8f5c-e9a0c94e0d0c,Lori Brown DDS,heidi43@yahoo.com,(970)943-0174x2817,"USCGC James, FPO AA 44858",Mikeberg,Massachusetts,22153,Guam,1983-05-02,Female,2021-01-21
368f50a9-1d81-45e4-95ad-2c1bcfa93168,Ryan Jones II,jonesmonica@gmail.com,741.050.4891x2261,"5615 Mitchell Crossroad, Dianafort, HI 08425",South Williambury,North Dakota,46594,Sudan,2006-02-20,Male,2023-04-26
81ed8390-a4cb-425c-acd6-d49fceee9278,Wendy Hull,timothymyers@vargas.com,+1-211-527-1054x8979,"050 Anderson Drive Suite 296, North Amytown, UT 34971",New Wendytown,Connecticut,57807,El Salvador,1984-06-16,Male,2023-04-05
9e3988a6-d5d6-4cf5-98f2-374ce7450357,Gary Hartman,wilsoncourtney@gmail.com,2792430652,"230 Little Ridge Apt. 739, Cynthiahaven, IN 97350",Lake Leroy,California,60469,Guadeloupe,1971-07-04,Male,2023-08-17
8983940d-541c-4625-a05d-eb9b41474344,Cynthia Serrano,mosleypatrick@gmail.com,(334)707-1152,"1326 Nicholas Street, Robertsborough, NY 78841",Alexandermouth,Georgia,89496,Oman,1985-04-27,Male,2022-04-20
3ae99ccc-be8a-4a21-ac3a-4b33da2c6d1b,David Nelson,susanjackson@armstrong-davis.com,001-093-702-1639x2751,"41790 Patrick Divide Apt. 780, Lovehaven, MN 78029",East Kevin,California,92392,Jamaica,1995-11-05,Female,2024-02-07
e22b982a-309f-4d92-a5c6-385f5f6df45b,Jonathan Jones,michaelandrews@cervantes.info,+1-254-795-7434x631,"528 Kyle Spur, Lake Alyssaberg, OK 07049",West Jennifer,Alabama,14043,Martinique,1990-07-04,Male,2020-12-03
7075c513-fc79-4f67-ba4b-40f7ad25bce8,Lori Wilson,cnorton@yahoo.com,068.248.1296x9321,"159 Spencer Spring Apt. 035, Hoodburgh, HI 25283",Hannahtown,Delaware,27612,Macao,2001-12-08,Female,2024-02-01
38d2f971-50fd-432d-a0bf-5cf009fe99e4,Luke Conner,hlindsey@diaz.biz,147-437-2155x3371,"813 Franklin Way, Michaelburgh, AL 23577",Jessicaburgh,Colorado,01887,Djibouti,1995-01-01,Male,2022-12-17
5825eb3b-72eb-4d10-86d4-71a28763d72a,Nicholas Harrell,adriennecunningham@gmail.com,426-573-1716x826,"USNV Peterson, FPO AP 92198",Paigeland,Wyoming,50970,Honduras,1957-09-18,Male,2021-05-07
964fcd7d-98ba-4582-8fcc-a2a0770d7120,Jill Spears,mark61@gmail.com,360-861-5086x964,"5453 Kimberly Rapid Suite 279, West Kevin, WI 29901",Port Chelseaburgh,Rhode Island,27995,Nepal,1950-01-21,Male,2023-03-14
27f3730e-57dd-4d15-bee6-740ef5136bd6,Christopher Roberson,rowlandwilliam@smith.com,4338643496,"PSC 2728, Box 6763, APO AP 97186",Jameston,Alabama,40452,French Polynesia,1973-09-06,Female,2023-03-18
06c84971-00ba-406c-acf8-723c1c8750d9,Sabrina Brennan,luke57@garcia.com,(741)269-2594x851,"734 Ashley Lodge, Martinville, WA 66872",South Tammy,Washington,12813,Venezuela,1964-03-23,Male,2020-07-12
43111f8c-38c6-472b-8734-055b33b3c8cf,Kevin Wood,stephen13@hotmail.com,906-472-4842x35296,"526 Nicholas Courts Apt. 090, Haynesmouth, MA 56835",East Emilyland,North Carolina,58516,Anguilla,1978-06-08,Male,2022-01-30
752a18dc-2f0c-425a-aa17-e8d03c7d6b77,Alexandra Wiggins,paul15@yu-cardenas.com,(735)819-1271x0125,"08510 Nicholas Haven Apt. 688, West Nicholasfort, MN 87256",East Jeremy,Texas,94301,Nauru,1967-06-21,Female,2023-08-16
e5b945b6-2acf-4088-8b68-9dd7aa682e4c,Andrew Long,wilsonnicole@gmail.com,631.783.4462x38144,"82790 Johnson Summit, Jonshire, WA 16844",North Davidbury,Hawaii,77625,El Salvador,1967-05-14,Female,2022-08-22
5a35cf92-10a5-48d2-9e54-3c2baedc98c9,Kristina Roth,sarasandoval@gill-chambers.com,419.399.6602,"52826 Erin River Apt. 600, New Erika, FL 72408",Christinamouth,Illinois,66021,Niue,1993-06-10,Female,2020-03-26
59f15907-7a87-4d69-a5af-480c9cda9e52,Bianca Castillo,meagan81@calhoun.com,103-685-4848,"3949 Rachel Green Suite 940, New Monicatown, MA 35862",Dunnton,Minnesota,54787,South Africa,1966-04-12,Male,2021-10-11
30947b28-7c6d-4622-aee3-50365de260ca,Cynthia Arias,erinallen@harris-robinson.net,006-628-5868,"9701 Johnny Shores Suite 766, Kellieburgh, NY 72328",Vanessaberg,Florida,95794,Estonia,1989-04-18,Male,2021-08-05
85f9a555-0268-4f89-bb71-4dc50d78ade4,Mark Smith,ashleylewis@walsh.com,418-600-2452x301,"966 Leach Island Suite 316, West Alexisland, NM 37924",Lake Kennethberg,Louisiana,86201,Maldives,1991-04-19,Female,2022-10-23
89545f5e-11c3-4d86-80cf-dee85d481720,Adam Dean,pattersonivan@hurst-lane.net,001-322-103-6700,"0439 Summers Plaza Apt. 290, South Jasonborough, SC 32233",North Amanda,North Dakota,52326,Dominica,1974-09-02,Male,2023-03-30
146b6f6c-3f5e-4acb-9c0b-27d87e1e8dc6,Sheila Maldonado,qcarter@morris.com,588.947.2584x102,"8636 Michele Views Apt. 758, Brittanyhaven, MS 84520",South Anthonyhaven,Delaware,78541,Turkmenistan,1986-04-23,Male,2022-05-27
556277e8-b1cd-48d8-a5d6-c2b66dbcaea7,Christian Wyatt,pclark@ramirez-coleman.com,001-277-029-0272x54035,"85507 Kevin Villages, South Nathaniel, CA 34931",Port Andres,New Jersey,55683,Falkland Islands (Malvinas),1947-11-14,Female,2023-07-01
951ef639-e3dd-4331-9f64-22ece5a0ce9b,Kaitlin Young,matthew81@choi.org,+1-267-759-6452x986,"5231 Martinez Mill, Port Brenda, CT 04324",Port Heather,New Jersey,63872,Saint Lucia,1949-09-25,Male,2020-06-22
83bea41c-2947-4baf-b4c5-6b801a47ef1d,Brianna Copeland,zmelendez@jones.biz,752-430-7978x8255,"420 Campbell View Apt. 359, North Tyler, VT 48111",Lake Rebekah,Colorado,42921,Lesotho,1984-08-21,Female,2022-09-08
cc029789-b76e-45c1-95f5-8d58663e9a58,John Brooks,normanheather@hotmail.com,407.100.2505x258,"719 Melissa Locks, Port Jillian, HI 86034",Josephport,Louisiana,98290,Tunisia,1974-02-06,Female,2022-01-30
bb751019-3f49-430c-a318-ea1f44de1eb4,James Shaw,alexander26@wheeler-forbes.com,001-905-363-9396,"7295 Cindy Land, Rhondamouth, DC 53163",Millertown,New Mexico,11491,Tajikistan,1948-01-08,Male,2020-10-21
c96385e7-6c66-48d2-a514-9ee0dcb1c37c,Garrett Miller,wjohnson@love-perez.com,5653736528,"41884 Ellis Roads, Lake Blakeborough, OH 44760",South Stephanieview,West Virginia,98643,Niue,1975-11-24,Male,2023-04-04
e63b299c-796f-4b07-ac03-5e01f655ebf7,Crystal Glover,tonya95@yahoo.com,079-194-4244x74594,"2448 Stevens Street Apt. 193, North Mariachester, VT 68550",Shawnatown,Alabama,75387,Bouvet Island (Bouvetoya),1956-07-14,Female,2022-06-11
096b4f12-a529-4e12-ae5d-4354af2290f5,Edward Skinner,tommyelliott@yahoo.com,(269)681-3186x10281,"897 Katherine Station, East Hectorbury, MA 32365",East Tyler,Illinois,17769,Holy See (Vatican City State),1979-02-10,Male,2020-05-08
c353ee80-381b-4351-af18-1dad33ffb2a3,Phillip Hawkins,yschmidt@gmail.com,001-726-610-7266x05240,"115 Smith Lights Apt. 872, Randallchester, AL 97918",Macdonaldshire,Massachusetts,79842,Zambia,1952-12-17,Male,2021-12-28
0d7aebf2-0a6b-4da9-a942-b06ecb787d93,Steven Gonzalez,browndebbie@johnson.net,(714)446-0785,"0210 Martinez Meadow, Hollandside, DE 08634",New Kylie,Iowa,35665,Angola,1954-11-24,Male,2020-04-21
620e0072-c9ec-4071-a264-27ef2dfaa30d,Michael Johnson,rsmith@hotmail.com,892-423-1001,"5787 Angela Fall Apt. 712, Connieland, WA 63617",East Sabrinaside,Mississippi,52929,Uruguay,1983-06-03,Female,2023-10-19
2d74b75c-e0bf-410c-b0d8-f2814e64b93c,Angelica Morris,savannah14@hotmail.com,+1-016-664-3130x856,"5709 Trevor Road Apt. 142, Allenberg, VT 89814",Port Cheryl,Idaho,61801,Philippines,1980-05-21,Female,2020-03-17
094b8e5c-349f-44d7-a185-e058fcdb750a,Joe Campbell,alicedaniels@gmail.com,+1-615-178-0669x491,"9390 Richard Terrace Suite 810, Crossstad, WV 37386",Matthewview,Georgia,62875,Guinea-Bissau,1980-11-25,Male,2022-09-06
6a9541ac-87b2-4a4c-a7b2-7aa58907520d,Kelly Cox,priceoscar@yahoo.com,001-683-677-9758,"33237 Jaime Village, East Jeffreyside, TX 48856",East Gabriel,Oregon,03176,Swaziland,1956-07-25,Female,2020-12-23
22aea2f7-334b-4b2e-afc9-0903348742cf,Kelly Hall,brandon04@williams.com,(165)406-1804,"478 Natalie Lake Apt. 534, Grossport, VT 49226",Samanthaville,Michigan,69579,Maldives,1973-11-17,Female,2020-02-26
6c068dcc-4878-46b5-80dc-35ed7cdd8cba,Cassandra Wolf,shawn35@mccullough-clarke.com,(729)696-1723x50079,"5786 Denise Ports Apt. 799, Lake Meganborough, ND 25757",West Jerry,Florida,52254,Mongolia,1971-04-20,Male,2021-10-27
833c77d6-cac5-403b-ac70-64bd1ac64df7,Nicholas Winters,eperry@gmail.com,(520)931-0138,"7912 Hall Landing Suite 462, New Grant, KY 53096",West Gabriellaville,Washington,48983,Gambia,1984-05-18,Female,2020-12-27
151ea0b3-42c6-489f-93c4-fde6cbef37ac,April Johnson,valeriejones@yahoo.com,001-600-077-6327x5791,"88289 Veronica Viaduct, Monroehaven, NH 85654",Meyersmouth,Alabama,97472,Burkina Faso,1987-07-13,Female,2021-05-09
c6ff4880-b885-4467-aa63-be4db2f6acfd,Emma Peters,dylanandrade@thompson-davis.com,001-235-749-0321x4995,"381 Barbara Stravenue Apt. 764, East Erika, WA 72653",Rachelfurt,Minnesota,85573,Isle of Man,1954-05-25,Male,2022-10-29
fef12859-fc5c-4017-a28b-fde07f6cc9a1,Barry Gardner,christopher61@moore.com,952.882.6420x53382,"9706 Edwards Court Apt. 419, Samanthaborough, SC 17557",Danielside,Wyoming,21897,Korea,1993-11-28,Female,2024-03-26
82ee9fe7-5e38-4d72-b8d9-5a4eb233951c,Crystal Duffy,rcaldwell@hotmail.com,001-042-487-4303,"255 Austin Pine Apt. 770, Wallaceborough, WA 36701",Hannahhaven,Washington,72303,Latvia,1968-01-30,Male,2023-07-30
3846b80f-70a0-44a7-9a68-cb32e94d11a2,Mandy Daniel,wgibson@hotmail.com,(514)738-2113x88857,"469 Kenneth Plaza Suite 979, East Gabriellemouth, ID 03904",Lake Jeremiah,West Virginia,52339,Indonesia,1966-03-22,Male,2023-04-19
36c9c235-40df-4fd5-bf7c-0352febfc9bd,Michael Ramirez,kimberly54@gmail.com,+1-627-117-2585x14058,"722 Wheeler Valleys Suite 415, Johnside, IN 39757",Port Stephanie,California,03719,Macedonia,1994-01-30,Male,2023-01-19
71b4ba61-2b59-4026-be75-24a73dd5c633,Amy Hill,brandon82@morris.net,847-937-4016x07045,"2791 Bobby Street Apt. 149, Lake Diane, AZ 27766",West Andrewview,Ohio,96308,Congo,1995-01-05,Male,2022-11-06
7f4fbf73-70d9-43b8-9ded-514e38a01691,Tiffany Adams,wagnerjoseph@roberts.biz,215.677.5758,"708 Kennedy Divide, Tracitown, MT 17808",West Meganmouth,Montana,42347,Netherlands Antilles,1974-01-03,Male,2022-05-30
d44d036a-13d9-4a1e-8d03-c0a4234dc9da,Michael Duran,vbrown@mckenzie.biz,281-938-4712x42861,"129 Cassidy Lights Apt. 685, Amandaville, DC 43963",South Toddview,Pennsylvania,69503,British Indian Ocean Territory (Chagos Archipelago),1960-06-28,Male,2021-01-27
60607363-4225-4cbd-8465-5a567d37635d,Benjamin Banks,shaunrussell@gmail.com,1229117699,"PSC 5939, Box 6626, APO AP 48748",Alyssastad,Maryland,23428,Reunion,1997-08-12,Female,2020-01-14
92d06d03-4d58-4802-a193-dce3487e532c,Rhonda Chavez,powerslauren@gmail.com,9188499225,"17433 Gray Terrace, East Kaylaside, HI 75029",Jonesland,Montana,81506,Kazakhstan,1974-12-18,Female,2023-05-15
9aa835e1-18d5-481c-9272-637da31caebc,Andrew Byrd,blakeschmitt@crawford.biz,7271971373,"668 Maria Forge, South Bryan, SC 76988",New Nathanfurt,Texas,40377,Heard Island and McDonald Islands,1979-04-01,Male,2024-03-31
029a4f73-52c2-4f6a-bd40-df2c34e3abd4,Sharon Brown,khall@west.com,001-136-699-7886x914,"1385 Jose Gardens, Port Amy, IN 34474",Lake Nancyton,New York,22647,Ethiopia,1997-09-08,Male,2023-03-28
1067fad2-d519-41e1-8af5-5d9d2f055c92,Christine Gardner,christopher37@yahoo.com,5059565014,"9692 Charles Bypass Suite 517, Port Timothy, NE 80124",Port Timothy,South Carolina,09861,Kenya,1999-09-20,Male,2022-10-16
751841ae-7249-42ed-92b4-62e2af45d9c2,Spencer Mason,espinozabarbara@quinn.com,(502)684-9781x38727,"3841 Dean Springs, Bettyfurt, VA 30769",South Austin,New York,51130,Iran,1949-09-14,Female,2022-10-22
8ad3c66d-0d23-4616-9ba4-bad567a910b7,Taylor Hoffman,pellis@gay-jensen.org,835-049-2374,"589 Stanley Prairie, Youngmouth, NH 75283",West Dawn,Pennsylvania,55483,Denmark,1949-07-27,Female,2023-10-23
1890c400-e7b1-4f76-939f-ccdfd6f4364e,Julia Johnson,janicehardin@hotmail.com,527.686.4995x49273,"USNS Wilson, FPO AA 48979",Sullivanmouth,Oklahoma,24640,Zimbabwe,1979-12-09,Female,2022-06-09
d5097082-ce63-4f50-8622-37fd1bd3fac2,Megan Douglas DDS,barbara93@yahoo.com,092-463-7766x6921,"7164 Hudson View, Zacharyland, NC 54584",Lake Kerri,South Dakota,96188,Guyana,1988-12-12,Male,2022-01-22
c8b75797-490f-42bd-880f-05845c7dbe89,Renee Ward,johnsonvincent@hotmail.com,(442)893-9796x08306,"60248 Sydney Mill, Sparksmouth, NH 32127",North Kimberly,Arizona,78416,Australia,1943-09-23,Female,2024-02-05
6dc7c724-618c-4f57-a06b-3d0c0f756f9f,Dawn Farmer,wjennings@nunez-davis.com,001-532-934-1331,"66268 Johnson Lodge, Davidberg, SD 37101",Nguyenton,Nebraska,48485,Seychelles,1993-01-04,Female,2021-02-04
a6328280-862a-4cef-9142-d835946df53b,Kelsey Johnson,wellis@rogers-flores.com,+1-853-928-3315x10398,"20633 Howard Loaf, South Sandraville, MI 26826",Port Eric,Montana,79188,Ireland,1992-01-14,Male,2021-07-02
ac2ed301-2f62-488f-b7d2-64d95144e830,Kathryn Martin,michael77@hotmail.com,001-113-986-8999x42434,"PSC 4794, Box 8606, APO AE 83011",Nicholaston,Kentucky,77686,Greenland,1991-01-27,Female,2023-06-18
dc9d14fd-7e97-4f42-b774-2338261480a6,Matthew Burton,barrydurham@knight.com,001-954-121-7276x51439,"059 Peter Track, Ritaside, KS 21524",East Annatown,South Carolina,54769,Mexico,1964-04-13,Female,2022-07-05
0f7e4ae1-9133-486b-af37-e1df5a060d09,Ashley Hawkins,reyeslaurie@hotmail.com,631-853-6184x558,"132 Smith Causeway Apt. 770, Port Amy, MS 93809",Monicatown,Wyoming,22394,Brazil,1990-02-13,Male,2022-08-31
774c562c-e186-4d63-97ea-7c8274fa9974,Pamela Bryant DVM,amccann@gmail.com,(598)871-9814x608,"298 Cooper Coves, Christopherview, NV 07867",Douglasstad,South Carolina,39528,Malta,1990-08-15,Male,2021-05-03
9f56dc41-5744-488d-82ac-5901cdd27418,Brian Bruce,johnmartinez@gmail.com,252-028-8414,"USS Lewis, FPO AA 10811",North Erinhaven,Rhode Island,24718,Serbia,1990-02-24,Male,2021-06-05
5695ff9d-78c2-4817-a20c-32f5adfa7315,Nathan Davis,mary55@yahoo.com,243.390.9689x064,"37609 James Trafficway, Kaylaport, OR 28544",Port Christianburgh,Kentucky,49589,Korea,1991-04-01,Male,2020-07-30
8f3990e9-0cc4-4674-8b2a-4586f9c5e7ec,Danielle Bryan,kbryant@hotmail.com,001-607-489-6941,"373 Felicia Motorway Suite 217, Reidport, SC 71224",North Johnstad,Minnesota,55609,Albania,1999-08-06,Male,2021-03-27
9fcbd1b1-cdbe-45b7-af1c-8559b25817af,Susan Santos,matthew63@lewis.biz,598-175-1881,"2081 Lee Throughway Suite 651, West Denisechester, NV 96224",Mooreville,Maine,88909,Philippines,1997-02-23,Female,2024-01-23
9d1fed38-44fc-4d9b-bc3b-0e7e71d7844b,Samuel Shannon,phelpsanthony@brown.info,6608987774,"91108 James Row Suite 677, Charlesport, WV 52999",Paulberg,New Hampshire,13910,Gambia,1943-11-07,Female,2024-04-25
52d92bbe-43fb-46f4-ba48-91fa9545f376,Scott Patrick,matthew78@yahoo.com,317.229.1605,"900 Blackwell Drives, Mitchellville, PA 51028",Millerport,Delaware,11318,Northern Mariana Islands,2001-09-29,Female,2022-12-10
f52a8f55-4762-462b-8a0b-a866685813b4,Amy Martin,alexander50@hale-barr.info,001-588-150-8755x332,"747 Mercado Fort, West Jamesstad, LA 39961",Marcmouth,Ohio,37298,Saint Lucia,1973-06-13,Female,2022-05-20
088ff900-106e-48b3-915b-9dfe633d3acb,Jeffrey Rose,halldarlene@yahoo.com,(824)029-4499,"USCGC Vasquez, FPO AA 29064",North Billy,New Mexico,52472,Syrian Arab Republic,1996-01-19,Female,2022-10-14
d0c5f344-efd1-4d69-8701-6d94527764ee,Priscilla Underwood,whitneyjoseph@yahoo.com,0804669053,"245 Jackson Rapids, North Joannahaven, AR 75087",East Alice,South Dakota,55669,South Georgia and the South Sandwich Islands,1945-10-23,Male,2022-04-05
62171340-6d0c-48dc-ad9c-5b59f921eff5,Michelle Stephens,diane99@riley-livingston.org,6657617576,"01013 Collins Plain, North Cindyhaven, CO 71570",Berryfort,Arizona,66288,Czech Republic,1973-01-06,Female,2022-03-31
898b8333-06b2-433c-974d-92dc74dc1ebe,Michael Young,qhaynes@yahoo.com,001-279-533-8318x3708,"Unit 4883 Box 3718, DPO AP 55658",East Rosestad,Utah,58145,United States of America,1950-05-25,Male,2021-01-31
4ab1be00-564a-4557-882b-9fba721a1828,Helen Green,ohall@yahoo.com,033-494-7082,"359 Thompson Common, Ambertown, IA 79574",West Kristina,Alabama,55292,Pakistan,1945-07-10,Male,2020-12-31
3e52d3e0-1870-4f1a-9934-ac783a25f863,Adam Rodriguez,johnsonmarc@gmail.com,+1-854-992-6936,"51617 Conley Rue, Randystad, ND 42163",Ingramville,South Carolina,52453,Tuvalu,1980-07-20,Male,2022-11-28
47e3c4c6-48fd-4785-829d-08cca1591e46,John Jennings,brittany46@yahoo.com,001-569-126-8583x67103,"1158 Brady Tunnel, West Courtneymouth, AK 27598",New Eduardofort,Alaska,78595,Switzerland,1954-08-23,Female,2021-05-01
7b29a0b8-de1b-4e5d-b196-4c6de1922243,Brittany Jenkins,chavezjeffrey@yahoo.com,783-394-8383x395,"535 Richard Locks, Paulview, DE 28840",East Tylermouth,Alaska,97838,Svalbard & Jan Mayen Islands,1977-02-11,Female,2022-11-16
3f18943a-84af-421a-ba1d-201b20f14093,Robert Williams,bbrown@yahoo.com,407.878.7192x249,"50340 Thompson Courts Suite 305, New Cynthia, KS 32283",Thomasshire,Florida,41388,Palestinian Territory,1948-05-10,Female,2020-04-16
6e5e3d7e-59c5-4144-8f20-34bb26cec676,John Smith,umiller@gmail.com,233-526-8872,"436 Oneill Fields, Matthewshire, KS 37964",Seanberg,Texas,14092,Israel,1982-12-10,Male,2021-02-07
047049e1-930c-451d-9ea3-cb4c7478c7c5,Suzanne Weber,davisstephanie@hotmail.com,533-058-2432x7755,"97147 James Parkways Apt. 489, Port Dawn, OK 32855",Lake Kevinfort,Nebraska,37269,Cambodia,1992-03-08,Male,2022-01-26
0f482c1c-12e0-409d-b0c4-1f28b2feebfe,Anthony King,kathleenburns@anderson.com,4644562103,"561 Jennifer Circle Apt. 013, South Stephaniefurt, CO 12761",Garyland,New Hampshire,66827,Netherlands Antilles,1975-09-08,Male,2024-02-22
17d45f8e-7a35-4319-8751-c62af2cc36f4,Traci Calderon,robertmorales@arias-gardner.com,001-847-315-8218x22291,"68441 Jennifer Haven Suite 700, Nathanielside, WA 29723",East Adam,Alaska,21715,Tanzania,1973-03-08,Female,2023-02-10
59130988-d7d7-4016-9640-3cb6b6477e52,Jane Hill,thomasfisher@rogers.com,(698)053-9572x989,"94999 Moore Courts Apt. 147, Noahview, AK 41592",Port Hollyton,Ohio,30486,Tonga,1994-04-25,Female,2020-09-10
b1987ac6-5b75-4acd-8815-1277a78049a3,Julian Floyd,tyler07@yahoo.com,3673470203,"09105 Melinda Key, New Sandraborough, SD 46277",South Nathanfort,Missouri,99859,Sri Lanka,1948-03-18,Male,2020-03-30
904149fc-d4e6-48c8-b74f-4dee1bb06a2d,Sharon King,sbecker@yahoo.com,787.964.9264,"514 Matthew Haven, Daniellestad, KY 20468",Cynthiabury,Missouri,73048,Portugal,2002-08-21,Male,2020-02-16
8fadb911-f56d-4921-a514-94ca374adab1,Jennifer Pittman,lunaheidi@cantu-weiss.info,001-113-636-6791x94186,"67194 Megan River, Yuhaven, AZ 85317",Englishport,Nevada,18466,Paraguay,1976-08-14,Female,2023-06-29
1a233a55-e179-4347-89dd-a125b7711f7f,Patricia Spears,bryancrosby@johnston-rodriguez.com,001-610-176-2581x666,"44861 Christensen Burgs Apt. 792, Port Jasonmouth, NY 71344",New William,New Hampshire,36840,Mayotte,1954-01-15,Male,2020-11-18
253a9f45-b61a-4ea6-a5c5-b246a7c90f9d,Matthew Swanson,rhouse@yahoo.com,001-677-455-5414,"8473 Butler Avenue, Thomasfort, GA 98481",East Stefaniestad,New Mexico,80108,Croatia,1994-08-20,Male,2020-11-02
a250bfe2-b702-436d-a1e5-b71855b2ad77,Larry Ferguson,tboyle@yahoo.com,(714)268-6582x781,"2775 James Inlet Apt. 716, Kristopherbury, KS 99569",Melendezhaven,Oklahoma,09796,Montenegro,1951-05-23,Male,2021-12-13
4be313fb-6008-4edb-a73e-c733048e646b,Rebecca Rhodes,andres01@gmail.com,+1-795-367-2662x47871,"807 Smith Parkways, Smithstad, ME 40728",South Brianbury,Indiana,78618,Senegal,1972-02-10,Male,2021-11-09
6249ca46-ee14-4de7-8493-4a636eb6a741,Rachel Blackburn,villanuevajonathan@mcneil-dixon.com,407-573-8963x9145,"PSC 3545, Box 6892, APO AP 36745",Port Martinmouth,Rhode Island,46907,Korea,1947-06-19,Female,2022-06-29
80e0d4b7-4079-48f1-bca0-49b0a3265c28,Elizabeth Jones,johnbartlett@gmail.com,899.602.1903,"PSC 6606, Box 8575, APO AA 36777",Marshallland,Wisconsin,01302,British Indian Ocean Territory (Chagos Archipelago),1974-12-28,Female,2021-03-13
7e920ee7-f2d5-4517-8b56-5060e04a6396,Cassie Smith,austin58@lucas-stein.org,(372)589-6635,"84182 Ballard Islands, North Coreymouth, AL 70409",South Kathymouth,New Hampshire,92598,Bhutan,1974-08-11,Male,2020-09-13
a549d889-4e53-42cd-a783-5cbc18aa8749,Kristine Ramos,baldwinandrea@ramirez.com,339-050-3662,"Unit 0228 Box 4132, DPO AA 56708",Harriston,Connecticut,84042,Senegal,1964-04-07,Female,2020-09-28
f1346c05-2779-4c37-b403-5502c6e5e2c7,Kimberly Flores,zlucas@lopez.com,810-930-3778x89083,"06012 Vincent Square Apt. 331, Port Susanburgh, GA 22416",Teresafurt,Illinois,88286,Turks and Caicos Islands,2001-11-27,Female,2022-10-10
481b5f5e-6b93-4b7a-a064-6afb4814016a,Maria Mcbride,candice98@moore.net,(000)308-0294x640,"65338 Amanda Stravenue, Murilloton, SC 38077",New Julie,Ohio,88787,South Africa,1951-11-25,Female,2023-11-13
0d3dd974-26d7-4068-98eb-452cfc213990,Jason Terry,mgray@young.net,(257)183-9648x05282,"Unit 6779 Box 8602, DPO AP 81931",Noahborough,Idaho,83637,Paraguay,1977-10-07,Male,2022-07-19
5b300387-558c-496e-b40f-6fa0161696fe,Craig Mccormick,alexis11@hotmail.com,094-566-6264x8425,"3040 Mcneil Camp Apt. 246, West Jessicaberg, DC 84714",East Michellemouth,Illinois,55494,Djibouti,1989-06-09,Male,2020-10-28
