ProductGroupID,GroupName,GroupDescription,ParentGroupID,CreatedDate,UpdatedDate,IsActive,GroupManager,GroupPriority,Department
1,Husband,Develop compare quickly blood risk last story wall gas yes list fall represent unit too explain player.,,2019-10-30,2024-02-12,False,Derrick Rangel,2,Perform
2,Central,Agree bank possible difficult kitchen also sell television several real action can service raise occur near start various.,,2021-11-04,2023-11-27,False,Joseph Lewis,10,Fear
3,Another,Main seven line rich character easy read PM enter record itself husband fill.,,2019-10-24,2023-10-14,False,Mr. Thomas Castro DDS,1,Per
4,Citizen,Glass past president behavior cost chance bill foreign street behind debate modern whom seem usually where surface together.,,2022-02-23,2024-02-14,True,Jeff Frey,7,Energy
5,Expect,Significant song thing kid listen goal star two class day possible respond voice.,,2020-12-24,2023-10-20,False,Joshua Collins,10,Up
6,Into,Final structure through board tell information father always join body never born ability support increase.,,2019-10-20,2024-02-02,True,Brooke Mooney,2,Policy
7,Former,Treat sign send Mrs billion force answer many way manage.,,2022-05-11,2023-10-22,True,Frank Leonard,2,Which
8,Bag,Similar down month space key brother near job above according four arrive table customer bring section different investment let.,,2020-08-10,2024-04-16,False,Amanda Levine,5,Commercial
9,Study,Later some argue charge Congress late traditional we why find meet pass instead pull dark field politics art.,94.0,2021-11-29,2024-03-25,True,Angelica Hernandez,2,Cost
10,Capital,Physical right difference black too subject many song gas eight garden series growth push south such four hundred.,,2023-03-14,2024-06-11,False,Joshua Warren,6,Industry
11,Box,Manage majority account send hundred concern north politics add better discuss white trouble sort within language human.,,2020-11-25,2024-01-24,True,Erin Brown,3,Response
12,Country,Lay conference wear might debate rather they inside especially yard just kid read experience land building just art feeling.,,2021-12-15,2024-03-14,False,Melissa Mccann,4,Movement
13,Skill,Believe know note rather glass form say through course.,,2020-02-29,2023-11-15,True,Julie Mcpherson,3,News
14,Unit,Though sister standard activity buy fly shoulder relate house last food indicate page war direction development interesting Mr other.,,2020-01-29,2024-03-25,False,David Alvarez,7,Test
15,Marriage,Cause contain institution role relate fall bit animal over season free at attorney change then actually.,,2022-05-07,2023-10-20,False,Haley Hunter,9,Any
16,Health,Purpose must attack education black civil news prove daughter drug pick food education yet leg deal.,,2022-03-18,2024-06-13,True,Timothy Warren,7,Blue
17,Sister,Go inside party strong despite new part wide rule feeling.,,2022-01-27,2023-11-12,True,Jessica Hale,1,Environment
18,None,General win fact act fast information fast how clearly as anything sister head read occur write this home.,,2023-09-14,2023-06-30,True,Leslie Gibson,4,Key
19,International,Create miss trouble watch find teacher break practice support city like.,31.0,2022-11-30,2024-03-13,False,Gary James,6,Everybody
20,Security,Key order buy hour against environment modern term Mr build approach full fund son who.,,2021-05-15,2024-04-28,True,Hannah Henson,3,Main
21,Reality,Plant hot person hour pretty end son agreement foot cup participant write.,132.0,2022-01-22,2023-10-22,True,Charles Lane,1,One
22,Peace,Quite tonight economic religious lot help you stop southern hotel discover.,,2023-07-08,2023-11-11,True,Luke Nelson,1,Just
23,Box,Issue head police subject majority yet ability whose very behind eye nation voice total.,150.0,2022-09-01,2024-03-22,True,Emily Thompson PhD,2,Ready
24,Sea,Source threat lose low onto myself speak purpose Mrs reduce painting.,96.0,2019-12-11,2024-03-04,True,Gregory Harding,5,Inside
25,One,Note account rise agent picture record agreement nothing admit know their country end wife much for.,,2022-02-28,2023-06-23,True,Nichole Underwood,8,Seek
26,National,Culture from since this thousand million alone now former but great against relate price.,178.0,2020-12-02,2023-11-04,True,Marc Hill,10,Maybe
27,Among,Effect order win usually camera common a human information.,,2023-08-28,2023-10-16,False,Ryan Bryant,9,While
28,Large,Story budget life opportunity dream individual discover kid leg value.,,2024-04-13,2024-04-16,True,Heather Wilson,7,Notice
29,Them,Animal anything guy station Mrs city politics apply most bag front.,187.0,2023-12-05,2023-11-29,False,Cody Torres,2,They
30,Consumer,Him morning interesting any owner strategy image require door reason card face job throw who safe news movement speak home choose.,,2024-03-13,2023-07-23,False,Hunter Morris,9,Situation
31,Together,Sing his fall data friend pull simple popular type still interview peace hair stand figure.,,2023-05-05,2024-04-19,False,Robert Shepherd,7,Do
32,Structure,Cut nor business future benefit effect marriage hand part decide least.,70.0,2020-06-15,2023-11-30,False,Julia Mercer,5,College
33,Design,Probably positive board a north front election fund much second consider work window figure.,,2023-05-05,2023-07-10,False,Derek Curtis,4,Drug
34,Enjoy,Old either television budget room wife body stay next mouth.,,2021-09-30,2024-03-09,True,Jeffrey Evans,3,Protect
35,Police,Would cultural knowledge system fish weight office six life mean wait growth arrive own.,,2024-03-01,2023-07-30,True,Fred Schmidt,6,By
36,Peace,Society sound staff tend fight brother government finally owner over system down fine stock whether lead.,,2023-12-10,2024-04-30,True,Kimberly Valdez,10,Ability
37,Natural,Hand federal point myself agency time know in join food.,,2023-10-21,2024-05-16,False,Michael Mendoza,1,Second
38,Imagine,Success civil management style always whose according save store real effect as idea career really fast happy we friend.,,2020-07-05,2023-07-12,True,Jessica Moore,2,Provide
39,Dark,Writer again find society dream budget pay minute letter beautiful easy along bar sure there want between religious.,175.0,2023-05-17,2024-03-02,False,Debra Adams,9,Number
40,Meeting,Pass wonder theory join return catch man listen red special raise and because there civil full.,,2019-10-10,2023-09-11,True,Mark Owens,3,Heavy
41,Front,Guess room throughout within answer relate card fact focus ago somebody couple book business evidence on.,129.0,2022-08-13,2023-11-14,True,Kristy Mcconnell,5,Feel
42,May,Despite create will detail single entire source general include pretty fish up huge young wide social.,,2021-03-25,2024-04-20,False,Stephanie Lara,5,Political
43,Yard,Bank just leave response agreement explain seven film what school less than western stock nearly hair democratic.,,2021-02-11,2023-12-28,True,Olivia Rice,10,Agent
44,Sell,Law doctor itself glass office black soon space fill image morning customer family though cut artist article response card senior be.,75.0,2019-07-14,2023-10-31,False,Michael Martinez,10,Difference
45,Inside,Property book and along half like staff matter yeah they defense relate interview across value thousand free.,,2020-05-05,2024-04-12,True,Lindsay Chung,8,Away
46,True,Indeed necessary mother court education pass owner fire a ground condition without drive line itself interesting sound.,,2022-12-08,2023-12-06,True,Karen Johnson,9,Yourself
47,Leave,Area idea star product decide within for second soldier one many stock despite anyone executive air response.,16.0,2022-01-29,2023-12-07,False,Kimberly Jimenez,5,Woman
48,And,Practice send meet international expect Mr west now entire president peace.,,2022-02-12,2024-04-28,False,Sarah Howard DDS,9,Should
49,Television,Trade wind board than hard leg return green once draw.,,2022-05-21,2024-05-18,True,Nicholas Taylor,10,Again
50,Director,Themselves three bad door summer foot rich act fund white.,92.0,2019-10-25,2024-04-25,False,Jennifer Brooks,3,Whether
51,Military,Often that box sign serve industry couple value try per she.,,2019-07-10,2024-05-08,True,Deborah Bruce,9,Me
52,Usually,Statement so blood become race police we pick his training about hundred find stand successful choose.,,2021-03-19,2024-03-19,True,Veronica Weaver,9,From
53,Money,Despite notice our today smile middle nothing cut teacher.,80.0,2019-07-29,2024-04-09,False,Teresa Lloyd,1,Amount
54,Stay,Ground arrive lay modern their value by computer upon.,,2020-09-03,2023-09-07,True,Gregory Watts,10,Contain
55,Painting,Body law first information behind pick reveal security film.,158.0,2019-10-10,2024-01-22,True,Stephanie White,4,Idea
56,Deal,Wife my able mind really television we usually spring water check mother above before seven bill her prove amount.,,2022-03-25,2023-08-24,False,Malik Nelson,9,Defense
57,Various,Election bank add thought next government tonight walk free five collection to.,,2024-05-15,2023-10-11,True,Michael Allen,9,Some
58,Store,Next food your rock figure which century believe staff notice anyone quite girl partner boy over consumer industry.,,2020-06-21,2023-10-04,False,Michael Marshall,9,Thing
59,Understand,Somebody rather by bed hour how involve institution difficult appear military effort strategy value.,,2023-05-03,2024-01-31,False,Lisa Henderson DVM,7,Sell
60,Activity,Discover record none talk everybody front election system party others.,,2022-05-09,2023-10-14,True,Anita Garcia,1,Sure
61,Task,Attack air become focus step buy rather walk house accept government piece reflect information follow before really use two.,,2023-02-04,2024-03-07,False,Shannon Salazar,8,Western
62,Just,Impact current history leg inside begin religious from eye.,,2021-02-26,2023-07-28,True,Jimmy Palmer,10,Company
63,Politics,Its item able environmental different dinner across maybe prepare include whatever first whether store her.,57.0,2020-12-20,2023-09-30,False,Todd Ayala,1,Matter
64,Writer,War various message run price start one again hour individual city age crime window thousand upon major next turn lawyer.,,2019-06-27,2023-08-27,True,Barbara Jensen DVM,4,Drop
65,Company,Cell writer door rest apply main discuss value any.,77.0,2021-09-07,2023-12-30,False,Isaiah Martinez,6,Himself
66,Field,Type against practice agree other kitchen image that bar keep admit away interview.,,2023-05-06,2024-06-14,False,Tonya Dunn,5,Reason
67,Reason,Serve trouble team also sell specific century instead after power west computer property coach sure foot suffer leg tonight physical.,,2020-01-18,2023-08-25,True,Mark Jones,9,Teacher
68,Break,Foreign work structure explain wrong later product throughout whether model energy sea with rest performance ahead continue body.,199.0,2021-07-07,2023-11-16,True,Phillip Carpenter,6,Data
69,Political,Other little wife natural single election central lose check ten human sound open difficult kid.,,2022-08-23,2023-07-01,False,Kevin Martin,2,Year
70,Enough,Story pull western director something something eat different interest old.,112.0,2022-02-28,2024-01-07,True,Crystal Lester,5,Nothing
71,Service,Fast consider can apply fast available friend specific part wide.,,2022-12-25,2024-05-05,True,Cheryl Jensen,4,Employee
72,Stand,Cover material model gas ever free see understand team people street unit best professional idea return compare may defense.,125.0,2021-11-25,2023-09-07,False,Stacy Brown,5,After
73,Service,Recent a try environment local child teach arm president society.,170.0,2020-08-06,2023-10-13,True,Cole Blackwell,4,Behavior
74,Important,Prepare thing second attention practice ability raise second cover rest cup just need energy music stop.,,2023-03-04,2023-09-21,True,Robert Padilla,1,Factor
75,Result,Pm tree individual save two its share environmental movement let choose black above seat share west increase prepare Mrs.,,2022-08-14,2024-02-23,True,Thomas Howard,6,Book
76,Hard,Tonight officer provide often national apply head letter pretty must design drug behavior from would force out deep fill few trial.,,2022-07-08,2023-12-11,True,Jodi Hughes,7,Not
77,Population,Single development much suffer field kind send plant else somebody wear mind write simply talk foot carry floor part.,,2022-12-03,2024-03-12,False,Mary Wagner,6,Race
78,Analysis,Why next everybody wind put meeting at investment grow someone different letter quickly animal recent ask myself new.,30.0,2024-05-16,2024-06-07,False,Jose Jones,1,Girl
79,Leave,Affect general drive nothing message clearly result skin each talk involve close less door own under all example health her.,,2020-09-02,2023-07-07,False,Angie Johnson,8,Performance
80,Bill,Necessary age important quickly system his light tell try pattern idea organization another newspaper.,,2022-06-07,2023-09-24,False,Samuel Wilson,1,Fill
81,Fight,Our she consider believe put eye old camera decade house later check address white thank myself police their play.,,2022-09-15,2024-06-11,True,Leslie Ramos,7,Forward
82,Agreement,Carry family western whatever history everything right local close.,,2021-04-27,2024-06-16,True,Henry Hunt,1,Anyone
83,Hold,City herself less beat early fall write environmental technology race travel should maybe why doctor result.,,2020-07-25,2024-03-05,True,Jacqueline Gardner,7,Step
84,Star,Arrive town two quite since suffer huge just letter.,,2021-01-19,2023-08-04,True,Andrea Perez,4,Address
85,Out,Mean toward minute own college thank able people catch marriage beyond end.,,2021-03-07,2023-10-06,False,Omar Lang,6,Figure
86,Central,Hand later how believe start line customer police unit mission democratic peace.,,2023-04-23,2023-06-20,False,David Fisher,4,Arrive
87,Enter,Believe level visit east get blood address concern first smile keep explain thank other building economy administration and trouble.,184.0,2024-04-09,2023-10-14,True,Robert Price,2,Fund
88,Respond,Garden policy determine represent school truth response itself simply baby improve trip.,,2023-06-03,2024-01-11,True,Cory Herring,5,Involve
89,Page,Available sister edge nothing suffer series rich box north.,,2021-05-21,2024-03-07,True,Autumn Santana,6,Movement
90,Specific,After thing order do he memory return simply wish break to throw else house art thousand financial hear edge forget.,,2019-12-01,2023-09-27,True,Carolyn Watkins,7,Source
91,Spend,Perform throughout mean training space run recent arm heart must single everybody send have.,,2023-05-13,2023-10-30,False,Brady Ruiz,6,Light
92,Majority,Over any water identify power old arrive increase include discuss.,150.0,2024-05-17,2024-05-01,False,Michael Young,4,Dream
93,Upon,Authority police wonder almost white or one executive hope situation both network season their near.,,2021-05-24,2023-08-28,True,Christina Burns,3,Station
94,Important,Chair himself indicate market section court suggest magazine will response together also Mr space unit partner leave.,,2022-04-10,2024-01-14,True,Christopher Macias,9,Make
95,Board,Far it increase beautiful six door when meeting list dark everybody.,,2019-12-10,2023-11-22,True,Geoffrey Buchanan,8,Behind
96,Despite,Available exist local once front cup suggest save physical place college produce receive.,,2020-01-23,2024-05-04,True,Steven Garcia,4,Race
97,House,Quality as imagine north price capital avoid letter blue administration floor thought either ability time accept artist than approach.,93.0,2023-02-14,2024-05-15,False,Gregory Figueroa,5,Majority
98,New,Time man to doctor television star sea whole gas possible goal media across.,,2020-02-25,2024-05-10,True,Dustin Zamora,5,Total
99,Will,Easy own apply who participant available back whom recently service dream back gas.,61.0,2024-01-29,2024-05-03,False,Charlotte Fitzpatrick,10,Town
100,Yourself,Authority candidate none step one concern time career he area small.,,2021-03-08,2023-12-31,True,Jeffrey Foster,8,Parent
101,Story,Half on similar service source audience herself seem really notice wear nothing project know.,,2022-06-02,2023-10-14,True,Charles Gaines,2,Operation
102,Improve,Remember trip source sit claim none somebody ok floor series sell.,,2020-05-28,2024-02-07,False,Hannah Daugherty,5,Part
103,Possible,If really control business within live also certainly yourself business election.,70.0,2021-08-25,2023-12-02,False,Tracy Cortez,6,Realize
104,Agency,Amount method central couple exactly sometimes arm between finally.,,2019-06-23,2024-01-11,True,Keith Brown,6,Notice
105,Accept,Sport total off employee just black also serve glass all PM.,,2020-08-07,2023-07-31,False,Harold Diaz,6,Task
106,Toward,Car expect imagine front help cultural image character ask ground attention entire low stand kid game especially.,,2023-10-11,2023-11-03,True,Mark Tanner,7,Lay
107,Gun,Nearly student soldier the employee enter trial into exist rest fact media speech kind.,,2020-04-24,2024-02-11,True,Kristen Todd,3,Never
108,Behavior,Son pass somebody at fire action less position popular north.,,2020-04-26,2023-10-31,False,Mary Cunningham,10,Time
109,Road,Activity game walk be scientist once trade white again official health despite I few how certain with light raise.,34.0,2022-10-20,2023-07-23,True,Marissa Douglas,10,Wait
110,Rate,Final another actually five management upon fact interest indicate couple senior either.,,2020-04-06,2023-11-21,True,Diana Jones,7,Someone
111,He,Staff floor according any good sister change through enjoy message meet hand let wait however seem community woman three experience during.,,2021-08-08,2023-11-02,True,Angela Nichols,10,Step
112,Candidate,General chair might out spend some father dark seven according message half drive.,,2021-10-27,2024-06-10,True,Jennifer Guerrero,6,Care
113,Tax,Catch serious behind nation down trial loss general skill property member push for instead would side study prevent view positive.,14.0,2021-07-19,2024-05-09,False,Jason Paul,4,Star
114,White,Little Democrat ability brother age radio community information knowledge wall no response base.,,2020-12-10,2023-07-05,True,Phillip Moore,2,Wide
115,Yourself,Partner cut thought find skill once half security his up civil voice behavior lawyer plant student field away.,186.0,2020-08-24,2023-07-01,True,Pamela Clark,3,Word
116,Return,Prepare through always everyone loss up sing citizen be report.,48.0,2021-02-18,2024-01-29,True,Edward Park,8,Money
117,Ready,Soldier participant agency point kind animal guy treatment fund federal piece.,191.0,2021-10-10,2024-01-06,False,Gary Lowery,2,Heavy
118,Everyone,Congress artist author stage share hear news water true fire day lot Congress scene.,35.0,2023-10-22,2024-01-31,True,Anthony Smith,9,Spring
119,Two,Recognize morning stand strong smile table left involve success finally.,,2020-01-12,2023-06-22,False,Sarah Carrillo,1,Fish
120,Responsibility,Public policy conference cover possible later than the expert once if return expect soldier seven.,,2019-07-01,2023-09-30,False,Debra Paul,10,Continue
121,Continue,Single couple region recognize thus thus scene beautiful official another see stage senior area no leave.,122.0,2021-09-16,2023-09-14,False,Robert Gonzalez,5,Final
122,Meeting,Charge maybe second family ask campaign able half thousand thing nothing available build.,,2022-06-11,2024-05-31,False,Anthony Rojas,6,Box
123,Win,Short interest education health entire animal partner father and by garden letter at plan necessary decade reveal since us.,181.0,2024-03-25,2024-04-17,True,Taylor Martinez,3,Agreement
124,Factor,Night establish benefit phone onto along those story say weight game consider direction Mrs early themselves else side.,,2021-01-06,2023-11-11,True,Gregory Miller,10,Lead
125,Interview,Southern through debate though southern above concern industry day meeting general eat painting quality team.,,2022-11-03,2023-11-14,True,April Cox,4,Fear
126,Right,Community let save TV reflect beautiful movie very assume low agency worry me.,151.0,2022-11-07,2024-06-09,True,Michelle Yoder,4,Fund
127,Way,Remain new agree different voice there start collection response serve free data likely between central right instead understand.,,2024-01-30,2024-03-25,True,Christy Miller,3,Answer
128,Lose,Time economic forward accept meeting clear benefit threat debate media skin authority three particular prevent drug.,121.0,2020-11-10,2024-04-17,True,Steven Smith,7,Lay
129,Suddenly,Instead peace inside television brother ball significant beat international direction.,,2023-01-23,2023-10-11,False,Andrew Lane,8,Social
130,Style,Lay run order military garden fear responsibility I heart street assume guess spring.,,2023-05-02,2024-06-10,True,Sean Wilson,9,Pressure
131,List,May fire part consumer test evening front weight respond central poor instead interesting total rock bar while avoid animal hotel.,,2023-03-07,2024-04-17,True,Kimberly Williams,2,Prevent
132,Rich,Toward bed west already vote behavior laugh important center me.,93.0,2021-07-02,2023-08-30,False,Sarah Moon,10,Raise
133,Issue,Soon unit religious arrive fear party house item television wall bad number.,,2020-10-21,2023-06-27,True,Lee Mcgee,10,Old
134,Pattern,Analysis hope receive huge study stop perhaps allow actually factor style think animal bring conference.,,2023-07-16,2023-07-12,False,Anna Roberts,7,Before
135,Sister,Feel including quality plant nice threat report enjoy force campaign single.,,2021-09-23,2023-09-30,False,Gregory Martinez,10,Season
136,Should,Person middle town shake crime never information star stuff there sign purpose fall price family simply per.,,2022-09-04,2023-07-31,False,Jonathan Long,10,Animal
137,Form,Growth country organization adult site than cold include buy study happen white possible value similar former board.,179.0,2022-05-13,2024-01-14,False,Angela Smith,7,Modern
138,Debate,Soldier entire detail she police human enter ability appear among benefit democratic always benefit series large area.,,2022-09-04,2023-10-31,True,Brian Obrien,10,Natural
139,Especially,Heavy build off who whose thus parent probably cover system protect may international cause business so same group style.,,2022-01-05,2024-04-15,False,Tanya Garcia,8,On
140,Modern,Page war hundred fish speak treat story while idea expert amount growth community painting million movie notice decade tonight tend.,,2020-04-30,2024-01-04,False,Anthony Combs,5,Beautiful
141,Happy,According officer rule animal red occur color of environment catch senior him.,,2022-09-09,2023-12-08,False,Marc Boyd,7,In
142,Full,Book interview pull gas any bar wrong cup statement not do push perhaps may everything seek show reveal candidate rock.,,2021-07-24,2023-08-26,True,Dustin Eaton,6,Different
143,System,Throw beat fight theory structure determine per there use.,162.0,2021-02-15,2023-12-13,False,Matthew Liu,2,Each
144,Alone,Participant I black show concern activity quite boy activity.,33.0,2022-06-16,2024-03-25,False,Cynthia Hurst,4,Bank
145,Bar,Dream music skill table law generation sit impact budget billion information purpose again.,,2024-04-07,2024-05-05,True,Rebecca Banks,7,Continue
146,Approach,Consider unit most once such stage girl staff institution have seven toward air should minute environment could group.,10.0,2022-02-02,2023-08-17,False,Daniel Garcia,9,Human
147,Full,Rest read customer somebody claim pretty night yourself know radio no music up if as cultural.,,2021-09-25,2023-10-29,True,Chris Lewis,5,West
148,Stand,Mention determine he doctor like whom federal benefit friend feel case participant information main employee study.,,2020-08-23,2024-04-12,False,Anthony Pace,1,Few
149,Door,Provide beyond employee next mouth finally start voice number newspaper tell data.,,2020-05-18,2024-04-25,True,Travis Franco,9,Over
150,Although,Admit we five let agent general training nation law star above poor blue team identify store to authority involve reduce.,,2024-01-17,2023-08-25,False,Victor Yang,7,Spend
151,Computer,Generation time protect receive year success various police walk speak then will production sometimes adult director direction street consider.,,2023-08-15,2023-06-22,True,Alex Payne,3,Lead
152,Manager,Then collection less continue oil report Republican senior world indicate free magazine stock.,,2019-09-28,2023-10-30,False,Derrick Smith,2,Day
153,Site,Although dream city power determine suffer too inside hard decision success describe lay rise energy.,,2019-11-03,2023-10-22,True,Scott Smith,4,Face
154,Often,Claim girl can election board conference return catch heavy total article.,,2021-05-22,2023-09-12,False,Catherine Leblanc,4,Cultural
155,Service,Plant challenge expect some win team world recognize admit nation continue.,42.0,2023-11-19,2023-09-29,True,Robert Richardson,8,Forward
156,Cost,Better common lay alone court administration movement sit run house feel admit.,,2022-08-21,2024-04-14,True,John Bennett,9,Sense
157,Say,Mouth address draw never between table four prepare economic something specific cover evening owner project.,,2024-03-08,2024-03-07,True,Ruth Brown,4,Five
158,Brother,Allow important beat prove left economy truth answer page prepare yourself.,144.0,2023-12-27,2024-03-22,False,Jessica Newman,2,The
159,Add,Each argue and modern find interest work week rule light start laugh film sit one share writer small foreign notice.,,2022-12-09,2023-08-29,True,Martin Palmer,4,Soldier
160,Significant,Election involve her weight wrong song apply community in.,,2021-08-11,2024-06-07,False,Philip Hunt,5,Away
161,Box,Fire tax detail indicate find war nothing require conference all same.,,2023-04-01,2023-09-26,True,Jeffery Benson,1,Seven
162,Standard,Lead phone together building military suddenly cause agreement west official during wrong parent.,,2023-09-25,2024-05-25,True,Lynn Mora,5,Financial
163,Cup,Cultural popular current begin laugh manager natural window blue sometimes network economy station cause though yes.,,2021-03-06,2024-05-08,False,James Fox DDS,1,Attention
164,Decision,Majority campaign southern actually prepare society rule early even happy owner idea situation whole mother poor.,,2022-06-17,2024-05-29,True,Debra Gray,2,Continue
165,Race,Soon same night amount around tough into detail nearly mouth wish.,,2021-07-05,2024-03-19,True,Rachel Obrien,10,Fly
166,Can,World care which board himself prove discussion finish ten staff.,3.0,2022-04-11,2023-07-26,True,Jennifer Boyd,1,Plan
167,Contain,Girl race impact return simple read world anyone nation.,,2020-11-18,2024-05-24,False,Alyssa Brown,1,Blue
168,Follow,Protect include open area then chair always center before.,150.0,2021-10-18,2023-09-28,True,Travis Parker,3,Admit
169,North,Song describe none mention truth evening should fine condition cup start action manage choice.,93.0,2022-12-30,2024-02-11,True,Jennifer Cummings MD,8,Edge
170,Way,Medical finally city least claim situation which field church explain school production feel none fish skill leader agreement will.,,2021-03-01,2024-02-02,False,Amber Hill,2,Under
171,Social,Crime level here mission popular attack beat dinner possible yourself art drug name suffer easy on of car instead.,,2024-02-11,2023-12-22,True,John Hoffman,1,Third
172,However,Sing policy leave camera air cut dinner note culture prevent issue fish dog huge southern material mother.,,2024-06-04,2023-12-01,False,Wanda White,8,Sure
173,Bed,According garden term challenge front land hard successful between less various according sense couple language.,84.0,2021-08-09,2024-02-21,True,Jennifer Murray,10,Station
174,Give,Put couple wonder should yourself heavy officer operation recently same research hear card various effect of society energy own.,,2020-10-29,2023-12-13,True,Caleb Warren,1,Us
175,Father,Out little cold particularly in recognize break art fish reason.,123.0,2020-07-31,2023-11-13,False,Joseph Stevens,10,Gas
176,Need,Think several top interview daughter seat firm despite difference.,,2021-11-30,2023-12-05,False,Jessica Garner,10,Drop
177,Grow,Serious special read art military daughter picture Mrs nothing.,31.0,2020-01-23,2024-01-25,True,Betty Williams,9,Social
178,Today,Treat wonder score alone response well size argue event week during that soon plan me.,,2024-02-29,2024-06-02,False,John Jackson,8,Number
179,System,Site health story cup point inside series water little democratic feel be police economy collection little morning now save nature.,82.0,2022-12-06,2024-05-22,True,Jill Burns,6,Follow
180,Face,Still education information campaign who section new science miss talk pressure million care.,,2022-08-03,2023-08-10,False,Joseph Love,8,Traditional
181,Loss,Cell area hope property administration standard listen bit save make popular east front.,,2020-12-11,2023-10-17,True,Laura Russo,7,Billion
182,Whose,Help TV morning base cultural indicate later shoulder join its minute thousand break support subject.,20.0,2024-03-26,2023-11-14,True,Jeffrey Morris,2,Think
183,Practice,Store past reveal there herself food image difference list natural effect loss morning seat consumer themselves.,96.0,2020-10-26,2023-11-01,True,Brenda Parker,6,Anything
184,Improve,Thought kitchen agent day next response discuss example accept since compare concern behind.,,2024-06-18,2024-02-14,False,Jamie Vargas,1,Along
185,Forget,Consider firm financial reduce season trade year crime she half them view alone list Congress to those find.,,2019-08-08,2023-06-20,False,Rachel Robinson,7,Take
186,Top,Pass she bag anything remember weight night certain since eye use of seem which church five court bank.,117.0,2022-10-14,2023-09-12,False,David Mercer,4,Energy
187,Into,Home ball among blue visit kitchen organization ask event beyond gas sort hear fly computer current those.,83.0,2020-04-07,2023-10-18,False,Benjamin Becker,2,Develop
188,Put,Which final will through year open family surface ability minute single woman movement off approach long.,,2020-10-09,2024-01-04,False,Chelsea Smith,8,Should
189,Shake,Attorney customer material southern member once at might through south political decide get throughout card.,,2021-06-23,2023-08-05,True,Susan Miller,7,He
190,When,Involve parent again prove paper night begin cultural campaign thousand white establish laugh project oil fire board church.,,2023-05-22,2023-12-13,False,Brandon Smith,4,Music
191,And,Southern again ever former nature situation center protect mind five lot will daughter policy whose ground anyone blood new social.,,2023-11-13,2023-08-20,False,Wesley Wells,3,Social
192,Could,Team never around energy hand crime despite box yes care similar quality more piece down.,9.0,2023-06-03,2024-02-25,True,Nicole Gonzalez,8,Second
193,Maybe,Despite choice soon where throughout ball here now anyone.,137.0,2022-04-14,2023-07-05,False,Tammy Reilly,5,Woman
194,Majority,His nature four position old collection still service meet between teacher simple start exist report difficult able social recently.,,2023-06-16,2023-12-07,True,Kevin Wolfe,4,You
195,Everything,Turn firm stop such line consumer tell play chance consider whose beyond agreement culture put admit part loss first.,,2023-05-26,2024-04-20,False,Gary Barnes MD,9,Before
196,Sound,Blood even particular dog compare attack young bed your through home sign.,,2022-11-27,2023-10-04,False,Susan Huffman,9,Believe
197,Employee,Adult it wide how method not prove we system.,,2023-03-14,2023-09-25,True,Wendy Jimenez,5,Create
198,Produce,Growth Democrat chair little study federal treat it news institution difficult.,,2020-09-02,2024-03-19,False,Daniel Greene,6,Later
199,Artist,Room too claim book movement wind other catch gas local cause.,,2022-12-30,2023-09-16,False,Jay Woods,9,Sure
200,Six,Vote smile natural morning opportunity thank instead rate product manager send thousand defense former focus day.,,2024-02-01,2023-12-09,False,Kevin Ray,9,I
